"Year","SITE_ID","Pot_Count","Total_Spot_Count","Total_Spot_Wt_KG","Prop_Lg_by_Wt","Prop_Lg_by_Ct","Est_Wt_Large","Est_Ct_LG","CPUE_All_KG","CPUE_All_LB","CPUE_All_Count","CPUE_Large_KG","CPUE_Large_LB","CPUE_Large_Count"
"2000","8",44.000000,733.000000,10.751000,0.452446,0.240109,4.864249,176.000000,0.244340,0.538673,16.659090,0.110551,0.243721,4.000000
"2001","1",44.000000,799.000000,22.776000,0.868334,0.753441,19.777187,602.000000,0.517636,1.141181,18.159090,0.449481,0.990926,13.681818
"2001","2",44.000000,1537.000000,39.020000,0.879589,0.804814,34.321584,1237.000000,0.886818,1.955079,34.931818,0.780036,1.719667,28.113636
"2001","3",43.000000,1031.000000,19.599000,0.565932,0.293889,11.091712,303.000000,0.455790,1.004836,23.976744,0.257946,0.568669,7.046511
"2001","4",44.000000,722.000000,11.918000,0.402615,0.243767,4.798371,176.000000,0.270863,0.597145,16.409090,0.109053,0.240420,4.000000
"2001","5",44.000000,527.000000,9.400000,0.516803,0.352941,4.857955,186.000000,0.213636,0.470982,11.977272,0.110408,0.243405,4.227272
"2001","6",44.000000,1140.000000,18.539000,0.329420,0.207017,6.107123,236.000000,0.421340,0.928888,25.909090,0.138798,0.305994,5.363636
"2001","7",44.000000,567.000000,15.026000,0.830702,0.708994,12.482134,402.000000,0.341500,0.752870,12.886363,0.283684,0.625411,9.136363
"2001","8",44.000000,711.000000,13.789000,0.626742,0.441631,8.642159,314.000000,0.313386,0.690891,16.159090,0.196412,0.433011,7.136363
"2002","1",44.000000,719.000000,15.337000,0.688399,0.452471,10.557987,325.326996,0.348568,0.768453,16.340909,0.239954,0.529003,7.393795
"2002","2",44.000000,2495.000000,58.707000,0.780514,0.560320,45.821642,1398.000000,1.334250,2.941487,56.704545,1.041400,2.295872,31.772727
"2002","3",42.000000,1536.000000,28.099000,0.653099,0.303385,18.351432,466.000000,0.669023,1.474929,36.571428,0.436938,0.963275,11.095238
"2002","4",43.000000,2242.000000,29.898000,0.353595,0.153229,10.571786,343.540311,0.695302,1.532863,52.139534,0.245855,0.542013,7.989309
"2002","5",44.000000,661.000000,11.713000,0.568850,0.304084,6.662941,201.000000,0.266204,0.586874,15.022727,0.151430,0.333843,4.568181
"2002","7",44.000000,755.000000,18.134000,0.756552,0.471523,13.719329,356.000000,0.412136,0.908595,17.159090,0.311802,0.687400,8.090909
"2002","8",43.000000,386.000000,8.964000,0.726517,0.466321,6.512501,180.000000,0.208465,0.459582,8.976744,0.151453,0.333894,4.186046
"2003","1",44.000000,657.000000,12.212000,0.657167,0.477929,8.025326,314.000000,0.277545,0.611876,14.931818,0.182393,0.402105,7.136363
"1992","1",43.000000,742.000000,16.781000,0.964590,0.930320,16.186790,690.297551,0.390255,0.860357,17.255813,0.376436,0.829892,16.053431
"1992","2",44.000000,343.000000,11.432000,0.907424,0.801749,10.373676,275.000000,0.259818,0.572795,7.795454,0.235765,0.519768,6.250000
"1992","3",43.000000,600.000000,10.991000,0.602893,0.398333,6.626399,239.000000,0.255604,0.563506,13.953488,0.154102,0.339733,5.558139
"1992","4",44.000000,769.000000,14.380000,0.567793,0.377113,8.164876,290.000000,0.326818,0.720503,17.477272,0.185565,0.409097,6.590909
"1992","5",43.000000,822.000000,18.761000,0.763353,0.599756,14.321271,493.000000,0.436302,0.961872,19.116279,0.333052,0.734248,11.465116
"1992","6",44.000000,688.000000,12.528000,0.483751,0.343023,6.060443,236.000000,0.284727,0.627709,15.636363,0.137737,0.303655,5.363636
"1992","7",44.000000,631.000000,17.461000,0.910162,0.803486,15.892355,507.000000,0.396840,0.874875,14.340909,0.361189,0.796279,11.522727
"1992","8",44.000000,414.000000,10.628000,0.866134,0.729468,9.205275,302.000000,0.241545,0.532511,9.409090,0.209210,0.461226,6.863636
"1993","1",43.000000,379.000000,13.454000,0.963295,0.857519,12.960180,325.000000,0.312883,0.689783,8.813953,0.301399,0.664465,7.558139
"1997","4",42.000000,727.000000,10.918000,0.362511,0.192360,3.957900,139.845839,0.259952,0.573091,17.309523,0.094235,0.207752,3.329662
"1997","5",44.000000,461.000000,7.314000,0.438271,0.227765,3.205519,105.000000,0.166227,0.366464,10.477272,0.072852,0.160611,2.386363
"1997","6",42.000000,759.000000,8.810000,0.281892,0.134540,2.483475,102.116429,0.209761,0.462441,18.071428,0.059130,0.130358,2.431343
"1997","7",44.000000,161.000000,4.104000,0.724207,0.521739,2.972146,84.000000,0.093272,0.205629,3.659090,0.067548,0.148918,1.909090
"1997","8",43.000000,636.000000,10.652000,0.501682,0.282539,5.343921,179.695238,0.247720,0.546125,14.790697,0.124277,0.273981,4.178959
"1998","1",44.000000,190.000000,4.322000,0.808289,0.573684,3.493429,109.000000,0.098227,0.216551,4.318181,0.079396,0.175036,2.477272
"1998","2",44.000000,106.000000,2.724000,0.774718,0.575471,2.110334,61.000000,0.061909,0.136484,2.409090,0.047962,0.105737,1.386363
"1998","3",44.000000,576.000000,7.372000,0.373326,0.151041,2.752159,87.000000,0.167545,0.369370,13.090909,0.062549,0.137895,1.977272
"1998","4",44.000000,947.000000,12.650000,0.374933,0.190073,4.742911,180.000000,0.287500,0.633822,21.522727,0.107793,0.237641,4.090909
"1998","5",44.000000,194.000000,2.456000,0.295649,0.134020,0.726114,26.000000,0.055818,0.123056,4.409090,0.016502,0.036381,0.590909
"1998","7",44.000000,239.000000,5.167000,0.676266,0.451882,3.494267,108.000000,0.117431,0.258890,5.431818,0.079415,0.175078,2.454545
"1999","1",44.000000,239.000000,4.492000,0.610359,0.334728,2.741733,80.000000,0.102090,0.225069,5.431818,0.062312,0.137373,1.818181
"1999","2",43.000000,537.000000,11.394000,0.559073,0.383612,6.370083,206.000000,0.264976,0.584167,12.488372,0.148141,0.326592,4.790697
"1999","3",44.000000,1155.000000,18.004000,0.389079,0.174964,7.004991,202.083926,0.409181,0.902082,26.250000,0.159204,0.350981,4.592816
"1999","4",43.000000,815.000000,13.650000,0.420121,0.218404,5.734656,178.000000,0.317441,0.699832,18.953488,0.133364,0.294014,4.139534
"1999","5",44.000000,403.000000,5.400000,0.277122,0.126550,1.496459,51.000000,0.122727,0.270564,9.159090,0.034010,0.074979,1.159090
"1999","6",43.000000,370.000000,4.998000,0.275114,0.148541,1.375020,54.960212,0.116232,0.256246,8.604651,0.031977,0.070496,1.278144
"1999","7",44.000000,593.000000,12.382000,0.676086,0.451939,8.371303,268.000000,0.281409,0.620394,13.477272,0.190256,0.419440,6.090909
"1999","8",41.000000,273.000000,4.102000,0.368592,0.172161,1.511968,47.000000,0.100048,0.220567,6.658536,0.036877,0.081299,1.146341
"2000","1",44.000000,350.000000,7.914000,0.761599,0.594285,6.027296,208.000000,0.179863,0.396527,7.954545,0.136984,0.301994,4.727272
"2000","2",44.000000,1146.000000,18.285000,0.502876,0.286212,9.195105,328.000000,0.415568,0.916161,26.045454,0.208979,0.460716,7.454545
"2000","3",42.000000,893.000000,14.789000,0.605500,0.322508,8.954744,288.000000,0.352119,0.776281,21.261904,0.213208,0.470038,6.857142
"2000","4",44.000000,731.000000,12.551000,0.499983,0.318741,6.275291,233.000000,0.285250,0.628862,16.613636,0.142620,0.314420,5.295454
"2000","5",43.000000,620.000000,8.407000,0.362587,0.198387,3.048274,123.000000,0.195511,0.431024,14.418604,0.070890,0.156284,2.860465
"2000","6",44.000000,854.000000,12.944000,0.422223,0.233021,5.465264,199.000000,0.294181,0.648553,19.409090,0.124210,0.273834,4.522727
"2000","7",44.000000,1218.000000,25.651000,0.706766,0.514778,18.129274,627.000000,0.582977,1.285231,27.681818,0.412028,0.908359,14.250000
"1993","2",43.000000,422.000000,12.306000,0.771950,0.540284,9.499621,228.000000,0.286186,0.630925,9.813953,0.220921,0.487043,5.302325
"1993","3",44.000000,508.000000,9.438000,0.669756,0.338582,6.321161,172.000000,0.214500,0.472886,11.545454,0.143662,0.316718,3.909090
"1993","4",43.000000,521.000000,6.290000,0.314018,0.113680,1.975176,59.227360,0.146279,0.322486,12.116279,0.045934,0.101266,1.377380
"1993","5",44.000000,151.000000,4.250000,0.830148,0.609271,3.528129,92.000000,0.096590,0.212944,3.431818,0.080184,0.176775,2.090909
"1993","6",33.000000,94.000000,1.778000,0.473484,0.276595,0.841856,26.000000,0.053878,0.118781,2.848484,0.025510,0.056241,0.787878
"1993","7",43.000000,194.000000,4.186000,0.638343,0.314432,2.672103,61.000000,0.097348,0.214615,4.511627,0.062141,0.136998,1.418604
"1993","8",32.000000,165.000000,2.980000,0.554469,0.272727,1.652319,45.000000,0.093125,0.205303,5.156250,0.051634,0.113834,1.406250
"1994","1",44.000000,341.000000,7.934000,0.713657,0.542521,5.662155,185.000000,0.180318,0.397529,7.750000,0.128685,0.283699,4.204545
"1994","2",44.000000,503.000000,10.668000,0.580243,0.399602,6.190039,201.000000,0.242454,0.534515,11.431818,0.140682,0.310149,4.568181
"1994","3",44.000000,241.000000,4.780000,0.480990,0.298755,2.299132,72.000000,0.108636,0.239499,5.477272,0.052253,0.115196,1.636363
"1994","4",44.000000,788.000000,9.218000,0.227952,0.092617,2.101261,72.982550,0.209500,0.461863,17.909090,0.047755,0.105282,1.658694
"1994","5",44.000000,413.000000,5.122000,0.235717,0.094430,1.207346,39.000000,0.116409,0.256635,9.386363,0.027439,0.060493,0.886363
"1994","6",44.000000,298.000000,3.526000,0.236582,0.107382,0.834188,32.000000,0.080136,0.176668,6.772727,0.018958,0.041796,0.727272
"1994","7",43.000000,663.000000,9.402000,0.339641,0.168929,3.193305,112.000000,0.218651,0.482038,15.418604,0.074262,0.163720,2.604651
"1994","8",48.000000,872.000000,15.161000,0.552025,0.313280,8.369254,273.180476,0.315854,0.696332,18.166666,0.174359,0.384392,5.691259
"1995","1",44.000000,623.000000,13.340000,0.701126,0.500802,9.353023,312.000000,0.303181,0.668394,14.159090,0.212568,0.468628,7.090909
"1995","2",44.000000,377.000000,8.738000,0.678568,0.546419,5.929329,206.000000,0.198590,0.437813,8.568181,0.134757,0.297086,4.681818
"1995","3",44.000000,926.000000,15.074000,0.461235,0.240820,6.952656,223.000000,0.342590,0.755275,21.045454,0.158014,0.348359,5.068181
"1995","4",42.000000,775.000000,12.148000,0.403665,0.251612,4.903726,195.000000,0.289238,0.637654,18.452380,0.116755,0.257398,4.642857
"1995","5",44.000000,337.000000,5.080000,0.405903,0.240356,2.061990,81.000000,0.115454,0.254531,7.659090,0.046863,0.103315,1.840909
"1995","6",44.000000,380.000000,5.244000,0.288378,0.155263,1.512258,59.000000,0.119181,0.262748,8.636363,0.034369,0.075771,1.340909
"1995","7",44.000000,593.000000,13.724000,0.720781,0.531197,9.892006,315.000000,0.311909,0.687634,13.477272,0.224818,0.495634,7.159090
"1995","8",44.000000,1042.000000,20.202000,0.650783,0.458733,13.147131,478.000000,0.459136,1.012212,23.681818,0.298798,0.658731,10.863636
"1996","1",44.000000,531.000000,11.544000,0.000000,0.000000,0.000000,0.000000,0.262363,0.578406,12.068181,0.000000,0.000000,0.000000
"1996","2",44.000000,317.000000,6.720000,0.000000,0.000000,0.000000,0.000000,0.152727,0.336702,7.204545,0.000000,0.000000,0.000000
"1996","3",44.000000,823.000000,13.116000,0.000000,0.000000,0.000000,0.000000,0.298090,0.657171,18.704545,0.000000,0.000000,0.000000
"1996","4",43.000000,729.000000,11.684000,0.000000,0.000000,0.000000,0.000000,0.271720,0.599035,16.953488,0.000000,0.000000,0.000000
"1996","5",44.000000,468.000000,6.816000,0.000000,0.000000,0.000000,0.000000,0.154909,0.341512,10.636363,0.000000,0.000000,0.000000
"1996","6",44.000000,811.000000,13.674000,0.000000,0.000000,0.000000,0.000000,0.310772,0.685129,18.431818,0.000000,0.000000,0.000000
"1996","7",43.000000,207.000000,4.412000,0.000000,0.000000,0.000000,0.000000,0.102604,0.226202,4.813953,0.000000,0.000000,0.000000
"1996","8",44.000000,732.000000,14.662000,0.000000,0.000000,0.000000,0.000000,0.333227,0.734632,16.636363,0.000000,0.000000,0.000000
"1997","1",44.000000,364.000000,10.046000,0.893457,0.829201,8.975670,301.829201,0.228318,0.503350,8.272727,0.203992,0.449721,6.859754
"1997","2",42.000000,173.000000,4.476000,0.830775,0.726744,3.718550,125.726744,0.106571,0.234947,4.119047,0.088536,0.195188,2.993493
"1997","3",44.000000,535.000000,7.858000,0.311002,0.143925,2.443855,77.000000,0.178590,0.393721,12.159090,0.055542,0.122448,1.750000
"2003","2",44.000000,2293.000000,59.330000,0.845524,0.680767,50.164997,1561.000000,1.348409,2.972702,52.113636,1.140113,2.513494,35.477272
"2003","3",44.000000,1456.000000,24.536000,0.625577,0.346153,15.349162,504.000000,0.557636,1.229365,33.090909,0.348844,0.769062,11.454545
"2003","4",44.000000,1505.000000,20.780000,0.472044,0.251162,9.809083,378.000000,0.472272,1.041172,34.204545,0.222933,0.491479,8.590909
"2003","5",44.000000,473.000000,6.976000,0.505587,0.262156,3.526977,124.000000,0.158545,0.349529,10.750000,0.080158,0.176717,2.818181
"2003","6",44.000000,1362.000000,20.143000,0.466259,0.240822,9.391859,328.000000,0.457795,1.009255,30.954545,0.213451,0.470574,7.454545
"2003","7",44.000000,1058.000000,26.192000,0.849425,0.628544,22.248139,665.000000,0.595272,1.312338,24.045454,0.505639,1.114732,15.113636
"2003","8",44.000000,529.000000,10.253000,0.712412,0.487712,7.304364,258.000000,0.233022,0.513721,12.022727,0.166008,0.365981,5.863636
"2004","1",44.000000,2849.000000,62.205000,0.674965,0.531414,41.986236,1514.000000,1.413750,3.116753,64.750000,0.954232,2.103701,34.409090
"2004","2",44.000000,3145.000000,65.240000,0.619244,0.337360,40.399486,1061.000000,1.482727,3.268820,71.477272,0.918170,2.024197,24.113636
"2004","3",44.000000,645.000000,11.474000,0.658590,0.327131,7.556665,211.000000,0.260772,0.574899,14.659090,0.171742,0.378623,4.795454
"2004","4",44.000000,2778.000000,32.308000,0.295139,0.116990,9.535361,325.000000,0.734272,1.618777,63.136363,0.216712,0.477764,7.386363
"2004","5",44.000000,573.000000,6.127000,0.308810,0.108202,1.892079,62.000000,0.139250,0.306990,13.022727,0.043001,0.094801,1.409090
"2004","6",44.000000,782.000000,12.008000,0.354416,0.194373,4.255837,152.000000,0.272909,0.601655,17.772727,0.096723,0.213236,3.454545
"2004","7",44.000000,1351.000000,28.987000,0.725091,0.459659,21.018233,621.000000,0.658795,1.452380,30.704545,0.477687,1.053109,14.113636
"2004","8",44.000000,470.000000,9.562000,0.687948,0.457446,6.578164,215.000000,0.217318,0.479099,10.681818,0.149503,0.329595,4.886363
"2005","1",44.000000,1531.000000,33.044000,0.737106,0.557345,24.356948,853.295747,0.751000,1.655654,34.795454,0.553567,1.220393,19.393085
"2005","2",44.000000,5300.000000,69.276000,0.343328,0.175784,23.784436,931.660086,1.574454,3.471042,120.454545,0.540555,1.191708,21.174092
"2005","3",44.000000,1487.000000,21.086000,0.514094,0.191616,10.840198,284.934131,0.479227,1.056504,33.795454,0.246368,0.543143,6.475775
"2005","4",44.000000,1856.000000,24.741000,0.316183,0.164857,7.822692,305.976227,0.562295,1.239636,42.181818,0.177788,0.391952,6.954005
"2005","5",44.000000,893.000000,10.388000,0.257548,0.128475,2.675417,114.728667,0.236090,0.520486,20.295454,0.060804,0.134050,2.607469
"2005","6",43.000000,894.000000,15.212000,0.337255,0.199124,5.130327,178.017505,0.353767,0.779915,20.790697,0.119309,0.263030,4.139941
"2005","7",44.000000,2088.000000,38.158000,0.560739,0.361229,21.396698,754.246808,0.867227,1.911889,47.454545,0.486288,1.072071,17.141972
"2005","8",42.000000,404.000000,6.286000,0.467336,0.253405,2.937680,102.376021,0.149666,0.329955,9.619047,0.069944,0.154200,2.437524
"2006","1",42.000000,2076.000000,54.209999,0.833039,0.724299,45.159088,1503.644859,1.290714,2.845508,49.428571,1.075216,2.370422,35.801068
"2006","2",44.000000,3874.000000,67.900000,0.454194,0.292096,30.839808,1131.580756,1.543181,3.402098,88.045454,0.700904,1.545214,25.717744
"2006","3",44.000000,1749.000000,26.019999,0.617832,0.354166,16.075998,619.437500,0.591363,1.303720,39.750000,0.365363,0.805480,14.078125
"2006","4",44.000000,1087.000000,16.509999,0.225961,0.077419,3.730630,84.154838,0.375227,0.827226,24.704545,0.084787,0.186921,1.912609
"2006","5",44.000000,1469.000000,16.120000,0.147959,0.056818,2.385102,83.465909,0.366363,0.807685,33.386363,0.054206,0.119504,1.896952
"2006","6",42.000000,463.000000,8.409999,0.689390,0.500000,5.797770,231.500000,0.200238,0.441444,11.023809,0.138042,0.304327,5.511904
"2006","7",44.000000,2547.000000,44.172000,0.379926,0.190476,16.782097,485.142857,1.003909,2.213217,57.886363,0.381411,0.840859,11.025974
"2006","8",42.000000,868.000000,15.642999,0.548156,0.333333,8.574815,289.333333,0.372452,0.821108,20.666666,0.204162,0.450096,6.888888
"2007","1",43.000000,2986.000000,69.820000,0.776395,0.616161,54.207899,1839.858585,1.623720,3.579655,69.441860,1.260648,2.779226,42.787408
"2007","2",43.000000,8157.000000,115.520000,0.259398,0.142671,29.965735,1163.774319,2.686511,5.922683,189.697674,0.696877,1.536336,27.064519
"2007","3",44.000000,2857.000000,36.459999,0.391784,0.148305,14.284468,423.707627,0.828636,1.826811,64.931818,0.324647,0.715716,9.629718
"2007","4",44.000000,3043.000000,39.869999,0.168606,0.071428,6.722331,217.357142,0.906136,1.997668,69.159090,0.152780,0.336819,4.939935
"2007","5",44.000000,2129.000000,27.060000,0.268126,0.104972,7.255496,223.486187,0.615000,1.355829,48.386363,0.164897,0.363533,5.079231
"2007","6",43.000000,468.000000,8.750999,0.651913,0.423076,5.704897,198.000000,0.203511,0.448661,10.883720,0.132672,0.292488,4.604651
"2007","7",44.000000,2812.000000,53.360000,0.582725,0.423841,31.094215,1191.841059,1.212727,2.673578,63.909090,0.706686,1.557961,27.087296
"2007","8",44.000000,1700.000000,29.069999,0.625292,0.456521,18.177264,776.086956,0.660681,1.456539,38.636363,0.413119,0.910763,17.638339
"2008","1",44.000000,2807.000000,69.028399,0.801663,0.685714,55.337569,1924.800000,1.568827,3.458636,63.795454,1.257672,2.772663,43.745454
"2008","2",44.000000,7034.000000,105.321899,0.265828,0.128472,27.997595,903.673611,2.393679,5.277105,159.863636,0.636308,1.402806,20.538036
"2008","3",44.000000,2181.000000,33.081700,0.368763,0.190082,12.199321,414.570247,0.751856,1.657543,49.568181,0.277257,0.611241,9.422051
"2008","4",44.000000,3065.000000,51.211900,0.270288,0.165354,13.841984,506.811023,1.163906,2.565948,69.659090,0.314590,0.693546,11.518432
"2008","5",44.000000,1443.000000,21.716199,0.113541,0.057377,2.465696,82.795081,0.493549,1.088080,32.795454,0.056038,0.123542,1.881706
"2008","6",41.000000,303.000000,8.513799,0.481223,0.333333,4.097044,101.000000,0.207653,0.457793,7.390243,0.099927,0.220301,2.463414
"2008","7",44.000000,4248.000000,82.915000,0.546911,0.390829,45.347139,1660.244541,1.884431,4.154418,96.545454,1.030616,2.272097,37.732830
"2008","8",43.000000,1923.000000,33.093600,0.366575,0.255813,12.131308,491.930232,0.769618,1.696701,44.720930,0.282123,0.621969,11.440237
"2009","1",44.000000,4111.000000,97.868100,0.755372,0.617977,73.926908,2540.505617,2.224275,4.903636,93.431818,1.680157,3.704074,57.738764
"2009","2",44.000000,4951.000000,93.877300,0.507132,0.348837,47.608208,1727.093023,2.133575,4.703679,112.522727,1.082004,2.385387,39.252114
"2009","3",44.000000,1932.000000,34.777000,0.584491,0.300000,20.326855,579.600000,0.790386,1.742485,43.909090,0.461973,1.018467,13.172727
"2009","4",44.000000,1529.000000,30.935599,0.560286,0.377880,17.332792,577.778801,0.703081,1.550014,34.750000,0.393927,0.868451,13.131336
"2009","5",44.000000,864.000000,16.247499,0.397167,0.242236,6.452973,209.291925,0.369261,0.814073,19.636363,0.146658,0.323323,4.756634
"2009","7",44.000000,2753.000000,63.171700,0.718544,0.559845,45.391684,1541.254826,1.435720,3.165189,62.568181,1.031629,2.274329,35.028518
"2009","8",44.000000,1213.000000,25.112499,0.472858,0.353982,11.874668,429.380530,0.570738,1.258250,27.568181,0.269878,0.594974,9.758648
"2009","9",43.000000,269.000000,12.047499,1.000000,1.000000,12.047499,269.000000,0.280174,0.617672,6.255813,0.280174,0.617672,6.255813
"2010","1",44.000000,2428.000000,57.462599,0.839882,0.763005,48.261804,1852.578034,1.305968,2.879137,55.181818,1.096859,2.418135,42.104046
"2010","2",44.000000,2369.000000,56.714199,0.818324,0.723529,46.410598,1714.041176,1.288959,2.841639,53.840909,1.054786,2.325381,38.955481
"2010","3",43.000000,1012.000000,23.489199,0.697753,0.468164,16.389668,473.782771,0.546260,1.204285,23.534883,0.381155,0.840294,11.018203
"2010","4",43.000000,676.000000,16.075299,0.756211,0.588652,12.156328,397.929078,0.373844,0.824176,15.720930,0.282705,0.623252,9.254164
"2010","5",44.000000,214.000000,4.688199,0.647324,0.487804,3.034786,104.390243,0.106549,0.234900,4.863636,0.068972,0.152056,2.372505
"2010","7",44.000000,1173.000000,33.046500,0.776115,0.650485,25.647886,763.019417,0.751056,1.655779,26.659090,0.582906,1.285075,17.341350
"2010","8",44.000000,318.000000,8.149999,0.875360,0.765957,7.134183,243.574468,0.185227,0.408352,7.227272,0.162140,0.357455,5.535783
"2010","9",44.000000,395.000000,17.360199,1.000000,1.000000,17.360199,395.000000,0.394549,0.869824,8.977272,0.394549,0.869824,8.977272
"2011","1",43.000000,4139.000000,122.189999,0.903622,0.863309,110.413654,3573.237410,2.841627,6.264652,96.255813,2.567759,5.660882,83.098544
"2011","2",44.000000,3102.000000,85.280000,0.920359,0.808184,78.488219,2506.987212,1.938181,4.272915,70.500000,1.783823,3.932616,56.976982
"2011","3",44.000000,1537.000000,24.769999,0.542535,0.204188,13.438610,313.837696,0.562954,1.241089,34.931818,0.305422,0.673335,7.132674
"2011","4",43.000000,1045.000000,19.969999,0.690770,0.391304,13.794693,408.913043,0.464418,1.023857,24.302325,0.320806,0.707250,9.509605
"2011","5",44.000000,100.000000,1.599999,0.509853,0.238095,0.815766,23.809523,0.036363,0.080167,2.272727,0.018540,0.040873,0.541125
"2011","7",44.000000,968.000000,29.490000,0.834874,0.618181,24.620453,598.400000,0.670227,1.477583,22.000000,0.559555,1.233596,13.600000
"2011","8",44.000000,244.000000,5.279999,0.627347,0.384615,3.312396,93.846153,0.119999,0.264551,5.545454,0.075281,0.165966,2.132867
"2011","9",44.000000,445.000000,21.319999,1.000000,1.000000,21.319999,445.000000,0.484545,1.068228,10.113636,0.484545,1.068228,10.113636
"2012","1",44.000000,4141.000000,134.490000,0.979448,0.957095,131.726054,3963.333333,3.056590,6.738560,94.113636,2.993773,6.600074,90.075757
"2012","10",44.000000,1664.000000,30.759999,0.562372,0.263157,17.298577,437.894736,0.699090,1.541215,37.818181,0.393149,0.866737,9.952153
"2012","2",44.000000,2341.000000,63.679999,0.896854,0.747191,57.111680,1749.174157,1.447272,3.190657,53.204545,1.297992,2.861554,39.753958
"2012","3",43.000000,2193.000000,34.519999,0.382075,0.175824,13.189258,385.582417,0.802790,1.769832,51.000000,0.306726,0.676210,8.967032
"2012","4",42.000000,2198.000000,37.650000,0.402718,0.203007,15.162345,446.210526,0.896428,1.976266,52.333333,0.361008,0.795878,10.624060
"2012","5",44.000000,1037.000000,19.590000,0.351071,0.176767,6.877484,183.308080,0.445227,0.981548,23.568181,0.156306,0.344593,4.166092
"2012","7",44.000000,1437.000000,29.259999,0.635381,0.355450,18.591254,510.781990,0.664999,1.466058,32.659090,0.422528,0.931506,11.608681
"2012","8",43.000000,708.000000,17.430000,0.744332,0.557077,12.973717,394.410958,0.405348,0.893632,16.465116,0.301714,0.665159,9.172347
"2012","9",44.000000,209.000000,10.869999,1.000000,1.000000,10.869999,209.000000,0.247045,0.544636,4.750000,0.247045,0.544636,4.750000
"2013","1",43.000000,2555.000000,83.690000,0.915692,0.840000,76.634331,2146.200000,1.946279,4.290766,59.418604,1.782193,3.929024,49.911627
"2013","10",44.000000,805.000000,15.749999,0.569867,0.302752,8.975416,243.715596,0.357954,0.789146,18.295454,0.203986,0.449709,5.538990
"2013","11",43.000000,2079.000000,47.349999,0.852210,0.678414,40.352149,1410.422907,1.101162,2.427623,48.348837,0.938422,2.068845,32.800532
"2013","2",43.000000,3948.000000,84.099999,0.600207,0.365800,50.477466,1444.181818,1.955813,4.311787,91.813953,1.173894,2.587967,33.585623
"2013","3",44.000000,2254.000000,38.649999,0.545043,0.274774,21.065918,619.342342,0.878409,1.936540,51.227272,0.478770,1.055498,14.075962
"2013","4",44.000000,1369.000000,28.599999,0.574614,0.387387,16.433986,530.333333,0.649999,1.432989,31.113636,0.373499,0.823417,12.053030
"2013","5",43.000000,866.000000,16.019999,0.537167,0.339285,8.605415,293.821428,0.372558,0.821341,20.139534,0.200125,0.441197,6.833056
"2013","7",44.000000,1340.000000,35.699999,0.888474,0.768656,31.718522,1030.000000,0.811363,1.788732,30.454545,0.720875,1.589242,23.409090
"2013","8",44.000000,1206.000000,28.680000,0.802749,0.628865,23.022863,758.412371,0.651818,1.436998,27.409090,0.523246,1.153550,17.236644
"2013","9",43.000000,110.000000,6.390000,1.000000,1.000000,6.390000,110.000000,0.148604,0.327613,2.558139,0.148604,0.327613,2.558139
"2014","1",44.000000,2648.000000,83.100000,0.948546,0.894736,78.824197,2369.263157,1.888636,4.163687,60.181818,1.791459,3.949450,53.846889
"2014","10",43.000000,1746.000000,25.950000,0.568427,0.274111,14.750687,478.598984,0.603488,1.330450,40.604651,0.343039,0.756264,11.130208
"2014","11",43.000000,1361.000000,40.350000,0.902173,0.800000,36.402700,1088.800000,0.938372,2.068735,31.651162,0.846574,1.866358,25.320930
"2014","2",44.000000,4622.000000,82.610000,0.559474,0.422062,46.218229,1950.772182,1.877500,4.139136,105.045454,1.050414,2.315743,44.335731
"2014","3",43.000000,3059.000000,48.120000,0.611038,0.332155,29.403169,1016.063604,1.119069,2.467101,71.139534,0.683794,1.507493,23.629386
"2014","4",44.000000,1603.000000,31.750000,0.642624,0.436363,20.403314,699.490909,0.721590,1.590819,36.431818,0.463711,1.022298,15.897520
"2014","5",44.000000,491.000000,9.880000,0.488172,0.309210,4.823146,151.822368,0.224545,0.495032,11.159090,0.109616,0.241661,3.450508
"2014","7",43.000000,1214.000000,36.920000,0.905544,0.813084,33.432713,987.084112,0.858604,1.892879,28.232558,0.777504,1.714087,22.955444
"2014","8",44.000000,520.000000,14.308000,0.872803,0.780000,12.488071,405.600000,0.325181,0.716895,11.818181,0.283819,0.625709,9.218181
"2014","9",44.000000,148.000000,8.670000,1.000000,1.000000,8.670000,148.000000,0.197045,0.434406,3.363636,0.197045,0.434406,3.363636
"2015","1",44.000000,1655.000000,56.560000,0.974920,0.941558,55.141503,1558.279220,1.285454,2.833913,37.613636,1.253215,2.762839,35.415436
"2015","10",44.000000,2333.000000,42.550000,0.485968,0.241721,20.677940,563.937086,0.967045,2.131948,53.022727,0.469953,1.036058,12.816751
"2015","11",44.000000,1048.000000,46.510000,0.757840,0.489510,35.247170,513.006993,1.057045,2.330362,23.818181,0.801072,1.766043,11.659249
"2015","2",44.000000,3691.000000,62.640000,0.535236,0.337531,33.527243,1245.828715,1.423636,3.138548,83.886363,0.761982,1.679867,28.314288
"2015","3",44.000000,1621.000000,35.970000,0.669894,0.389221,24.096089,630.928143,0.817500,1.802260,36.840909,0.547638,1.207323,14.339275
"2015","4",43.000000,3332.000000,48.970000,0.360121,0.162601,17.635126,541.788617,1.138837,2.510680,77.488372,0.410119,0.904148,12.599735
"2015","5",44.000000,538.000000,7.870000,0.520848,0.222222,4.099079,119.555555,0.178863,0.394322,12.227272,0.093160,0.205382,2.717171
"2015","7",44.000000,435.000000,12.490000,0.788040,0.517857,9.842620,225.267857,0.283863,0.625805,9.886363,0.223695,0.493160,5.119724
"2015","8",44.000000,312.000000,7.400000,0.781326,0.562500,5.781818,175.500000,0.168181,0.370773,7.090909,0.131404,0.289695,3.988636
"2015","9",44.000000,201.000000,10.930000,0.988327,0.935483,10.802423,188.032258,0.248409,0.547642,4.568181,0.245509,0.541250,4.273460
"2016","1",40.000000,3515.000000,109.050000,0.920705,0.824159,100.402968,2896.918960,2.726250,6.010290,87.875000,2.510074,5.533709,72.422974
"2016","10",40.000000,2726.000000,58.820000,0.626836,0.321027,36.870541,875.120385,1.470500,3.241864,68.150000,0.921763,2.032119,21.878009
"2016","2",40.000000,4928.000000,94.160000,0.594092,0.362380,55.939754,1785.810839,2.354000,5.189628,123.200000,1.398493,3.083119,44.645270
"2016","3",39.000000,2630.000000,65.940000,0.769507,0.484472,50.741339,1274.161490,1.690769,3.727469,67.435897,1.301059,2.868316,32.670807
"2016","4",40.000000,2316.000000,34.830000,0.540096,0.302013,18.811554,699.463087,0.870750,1.919655,57.900000,0.470288,1.036798,17.486577
"2016","5",40.000000,1267.000000,21.940000,0.602634,0.337121,13.221805,427.132575,0.548500,1.209223,31.675000,0.330545,0.728719,10.678314
"2016","7",40.000000,1059.000000,26.550000,0.808293,0.597285,21.460199,632.524886,0.663750,1.463303,26.475000,0.536504,1.182778,15.813122
"2016","8",40.000000,993.000000,20.090000,0.471915,0.254335,9.480784,252.554913,0.502250,1.107260,24.825000,0.237019,0.522533,6.313872
"2016","9",40.000000,387.000000,16.014000,0.976075,0.918604,15.630870,355.500000,0.400350,0.882611,9.675000,0.390771,0.861495,8.887500
